color,299406
finish,80755
type,78946
transmission,73826
quantity,70680
product_type,67880
colour,63472
color_family,58766
size,55379
assembly_required,53354
fuel,44215
interior,43108
warranty,41286
format,39317
features,38407
form_factor,36712
fuel_type,36659
category,35676
binding,35286
exterior,34969
year,34087
package_quantity,33688
previous_owners,32885
shape,32326
ships_to,32257
usage,31459
measurements,30016
price,29979
technical,27707
width,27074
assembly,27023
doors,26773
availability,26440
model,26085
platform,25103
engine,24461
sold_by,24235
location,24090
packaged_quantity,23318
certifications_and_listings,23273
general_style,22464
colorfinish,22336
shipping,20898
productgroup,20014
free_shipping,19630
x-ray,19368
voltage,19303
paperback,19025
height,18741
colors,18615
no_of_seats,18436
construction,17864
lending,17125
drive_type,16651
status,16466
batteries_included,16356
length,15703
http,15613
weight,15561
operating_system,15063
frame_material,15009
bluetooth,14227
indooroutdoor,14161
seating,13870
dimension,13824
alloys,13419
engine_size,13348
space_saver,13339
power_source,13064
care,12845
wheelbase,12840
pattern,12712
color_finish,12452
fuel_tank_capacity_litres,11644
tyre_size_spare,11616
interior_color,11345
packaging,11299
age,11281
product_group,11277
aspect_ratio,11007
turning_circle-kerb_to_kerb,10987
number_of_discs,10907
hardcover,10824
tyre_size_front,10780
cylinders,10684
automatic,10679
tyre_size_rear,10634
flooring_product_type,10588
movement,10380
mileage,10260
exterior_color,10212
usb,10178
number_of_pieces,10167
pages,10132
included,10031
department,9972
producttypename,9839
max_towing_weight-braked,9793
product_line,9489
commercial_residential,9446
battery_type,9445
numberofitems,9422
drive_wheels,9410
max_towing_weight-unbraked,9318
case_material,9148
max_roof_load,9092
resources,8976
delivery_time,8786
views,8640
dimensions,8636
application,8612
eco-conscious,8448
family,8406
size_type,8341
warranty_type,8301
returnable,8259
rohs,8245
green_compliance_certificateauthority,8204
batteries,8163
coating,8078
productgroep,8077
overall,8065
connectivity_technology,8050
processor_type,8042
transmissions_available,7982
luggage_capacity_seats_up,7956
backing_material,7950
hardware_finish_family,7910
studio,7897
mount_type,7783
release_date,7652
display_type,7628
hdmi,7590
0-100_kmh,7578
unit_type,7482
minimum_order,7354
package_type,7315
top_speed,7296
number_of_valves,7249
environmental_certification,7185
print_length,7175
bulbwatt,7164
cleaning_instructions,7141
standard_packaging,7090
fuel_consumption,7082
product_information,6983
interface,6949
device_supported,6942
total_recycled_content,6923
number_of_shelves,6883
drive_train,6867
display,6821
touchscreen,6821
global_product_type,6761
label,6735
postconsumer_recycled_content,6675
manufacturer,6663
memory_technology,6622
certification,6617
edition,6613
print_technology,6550
gross_vehicle_weight,6549
body,6471
owners,6440
grade,6391
cable_type,6338
number_of_items_included,6297
gps,6282
age_group,6170
power,6153
rug_weave,6146
colorfinish_family,6076
max_loading_weight,6065
rug_material,6064
processor_core,6060
chip_inch_size,6031
minimum_order_quantity,6026
band_material,5978
waterproof,5977
compatibility,5938
energy_star,5905
occasion,5898
sensitivity_lux,5841
engine_displacement,5828
area_rug_style,5819
dimmable,5808
dial_color,5733
age_of_oldest_child,5703
model_year,5670
approximate_rug_size,5657
image_stabilization,5604
fuel_delivery,5593
age_of_youngest_child,5575
pattern_type,5573
number_of_kids,5572
technology,5554
design,5550
housing_material,5508
manufacturer_recommended_age,5497
no_of_doors,5487
air_conditioning,5487
cutting_edge_material,5476
unit_of_measure,5464
total_number_of_usb_ports,5454
supply_type,5401
ethernet_technology,5388
fabric,5353
builders_hardware_product_type,5312
waist,5303
value,5298
gear_type,5259
platform_supported,5255
compliance_standards,5241
fuel_capacity,5228
number_of_doors,5177
nfc,5156
oemcompatible,5121
tools_product_type,5109
fit,5084
vehicle_sub_type,5082
dishwasher_safe,5066
interiorexterior,5049
width_including_mirrors,5036
energy_star_certified,4995
number_of_bulbs,4981
device_type,4953
handle_material,4877
remote_control,4844
number_of_drawers,4828
area_rug_pattern,4819
water_resistant,4797
finish_family,4790
focus_type,4754
lens_mount,4744
sleeve_length,4728
response_time,4717
wheel_drive,4708
installation_type,4692
color_category,4675
applicationusage,4671
device_types,4639
packing_type,4611
pieces_per_pack,4609
color_type,4592
product_type_name,4539
eco-labelstandard,4528
collection,4482
california_residents,4455
date_first_available,4453
signal_mode,4447
wheel_style,4404
packs_per_outerbox,4391
qty,4354
rating,4332
frame_color,4324
item,4316
optical_zoom,4302
energy_star_qualified,4291
year_built,4282
insurance_group,4277
optical_drive_type,4274
lock_type,4244
lamp_type,4237
front_legroom,4231
number_of_usb_30_ports,4207
age_range,4186
bedrooms,4165
vga,4160
heel_height,4152
mounting,4124
flash,4120
connector_on_first_end,4110
bulb_type,4109
series,4106
container_size,4105
quality,4104
colour_type,4077
essential_properties,4063
fastener_type,4052
backlight_technology,4047
host_interface,4039
rated,4039
wireless_lan_standard,4036
brand_type,4031
lens_type,4020
seating_capacity,4008
door_type,3977
wash_care,3964
port,3963
measurementtype,3960
rim_size_front,3940
season,3937
crystal,3917
resolution_tvl,3912
product_name,3906
resolution,3902
acid_free,3900
capacity,3885
paintstain_clean_up,3880
drivetrain,3861
wi-fi,3849
total_recycled_content_percent,3837
s_n_signal_noise_ratio_db,3807
amps,3803
brightness,3798
ada_compliant,3783
rim_size_rear,3775
version,3775
scent,3775
discs,3748
front_shoulder_room,3734
digital_zoom,3723
sheen,3706
number_of_bulbs_required,3702
luggage_capacity_seats_down,3676
compression_ratio,3675
ul_listed,3675
product_form,3661
bulb_type_included,3659
light_bulb_base_code,3648
top_material,3635
dry_to_touch_min,3630
orientation,3619
connection_type,3613
fabrication,3611
phase,3606
drive,3595
bearing_type,3583
publication_date,3573
memory_type,3549
number_of_usb_20_ports,3536
form,3524
sheet_size,3513
fuel_combined,3500
connectivity,3496
shade_material,3483
clasp,3462
thickness,3462
optical_drive,3460
black,3425
engine_location,3424
commercialresidential,3423
protection_class_iec,3423
dome_type,3419
connector_on_second_end,3406
content,3402
minimum_kerbweight,3375
recommended_fuel,3375
compatible_brand,3371
closure_type,3361
care_instructions,3340
post-consumer_recycled_content_percent,3339
printing_technology,3331
turning_radius,3331
front_hiproom,3311
engine_power,3308
depth,3304
rear_shoulder_room,3301
categories,3297
door_handing,3296
shank_type,3290
ron,3269
ingress_protection_code,3252
specifications,3251
defrost_type,3219
handle_type,3201
seat_material,3194
battery_size,3167
engine_torque,3160
sensor_type,3153
fuel_extra_urban,3137
cylinder_configuration,3135
power_type,3128
print_color,3123
t-shirt,3120
time_before_recoating_hours,3118
lead_time,3102
contrast_ratio,3094
style_type,3084
coverage_area_sq_ft,3083
gauge,3066
guarantee,3066
viewfinder,3064
metal_stamp,3064
color_temperature,3061
metal_type,3052
screen_mode,3051
processor_count,3046
maximum_aperture,3045
band_color,3044
battery_chemistry,3034
check_out_time,3019
package_weight,3019
number_of_compartments,3014
rear_headroom,3009
seats,2992
tile_finish,2991
radio,2988
front_headroom,2988
color_rendering_index,2987
control_type,2971
appliance_type,2958
enclosure_type,2957
suggested_grout_line_size,2951
number_of_boxes,2947
part_number,2945
hazmat,2945
speakers,2919
cutting_direction,2917
coolant,2911
product_series,2906
check_in_time,2890
closure,2884
paintstain_key_features,2879
mech_impact_protection_code,2868
copyright,2867
comfort,2865
measurement_standard,2862
recommended_use,2853
service_support,2846
fastenerconnector_material,2845
product_thickness_mm,2822
cabinet_color,2819
listing_type,2815
sm,2814
mounting_type,2811
tile_material,2808
sweater,2794
finish_type,2782
hardware_platform,2782
ice_maker,2764
fixture_colorfinish,2763
display_screen_type,2760
connection,2751
exterior_body_width,2739
physical_characteristics,2738
new,2726
number_of_pages,2723
application_type,2708
wheel_type,2700
paper_weight,2699
epa_classification,2696
number_of_cores,2695
refillable,2691
sleeve_style,2675
support_details_full_contract_period,2671
payment_condition,2665
select_code,2661
care_and_cleaning,2650
humidity_range_operating,2649
ambient_temperature_range,2648
lamp_colour_code,2639
door_style,2620
product_color,2613
sleeves,2603
tachometer,2598
point_type,2597
approximate_tile_size,2582
sellerid,2572
garment_care,2572
drive_style,2568
name,2561
exterior_height,2558
number_of_network_rj-45_ports,2547
wattage,2539
white,2539
viewfinder_type,2535
rear_legroom,2534
locations,2526
glow-wire_test,2522
certifications_standards,2509
annual_tax,2507
ethernet,2499
measurement_type,2496
electronic_stability,2496
fixture_colorfinish_family,2489
securityansi_grade,2488
minimum_aperture,2483
wifi,2483
physical_form,2479
furniture_style,2475
interface_type,2470
fastener_plating,2468
jacket,2464
washable,2460
reversible,2457
number_of_tiles_per_case,2448
band_type,2447
fabric_content,2438
maximum_wattage_watts,2435
scale,2432
co2_rating,2431
connector_type,2425
recommended_light_bulb_shape_code,2406
number_of_poles,2402
tint_base,2393
battery,2390
acceleration_0-62_mph,2386
os,2382
year_register,2380
network_communication,2377
data_link_protocol,2376
tyre_front_size,2375
shade_color_family,2373
maximum_bulb_wattage,2370
lens_color,2365
recycled_content,2363
door_locks_knobs_product_type,2356
fuel_tank_capacity,2344
interior_cargo_volume,2343
trim,2341
us,2338
measurement_system,2331
cordless_corded,2330
first_reg_date,2325
ports,2324
case_size,2320
usb_20,2315
number_of_lights,2311
cylinder_layout,2309
payment_terms,2305
wheel_diameter,2303
theme,2299
property_type,2292
item_shape,2289
no_of_flutes,2285
package_contents,2283
self-timer,2282
cooling,2278
count,2277
calendar,2275
adjustable_height,2275
where_to_buy,2274
machine_compatibility,2273
arms,2273
amperage_amps,2273
number_of_flutes,2258
graphics_controller_model,2257
engine_type,2252
computer_memory_type,2252
delivery_fob_port,2241
number_of_light_sources,2237
rear_hiproom,2235
metal_color,2226
crown,2225
copyright_holder,2222
head_style,2218
sim,2212
item_type,2198
abrasion_resistance,2196
lamp_colour_temperature,2189
adjustable_shelves,2187
ground_clearance,2186
mfrvendor,2185
image_aspect_ratio,2182
hard_drive_type,2175
product_category,2173
subtype,2169
number_of_cylinders,2160
product_colour,2159
is_portable,2156
energy_star_compliant,2155
traction_control,2154
chemical_resistant,2150
hard_drive_interface,2148
fabric_type,2143
thread_type,2140
display_technology,2140
drive_size,2134
tyre_rear_size,2133
rear_door_type,2129
power_description,2127
panel_type,2126
metal,2122
number_of_floors,2118
trip_computer,2115
microphone,2113
memory_standard,2104
sensor_size,2102
wheel_base,2099
serving_size,2098
case_back,2096
consumable_type,2093
graphics_memory_technology,2088
external_memory_included,2087
sole_material,2081
lumbar_support,2081
colour_of_product,2069
floor_protection,2064
relative_capacity,2063
number_of_total_expansion_slots,2063
moisture_resistance,2061
relative_cost,2051
cushioning_resilience,2050
quiet_operations,2050
magnification,2050
chipset,2049
lining,2048
specs_and_dimensionscompression_ratio,2044
microwave_safe,2043
networking,2042
length_of_ownership,2036
impact_resistance,2035
current_stock,2035
number_of_items,2029
optical_sensor_technology,2012
chemistry,2010
cabinet_pull_type,2007
low_temp_range_f,2004
brake_assist,1999
package,1991
rolling_ease,1981
camera_type,1980
city,1978
specialist_type,1976
decor_product_type,1967
timer,1957
watch_shape,1957
synchronisation,1957
in,1955
keyboard,1954
water,1948
page-yield,1948
mounting_hardware_included,1946
colour_rendering_index,1945
product_specscondition,1940
interior_maximum_cargo_volume,1939
gallon_door_storage,1938
transmission_type_manual,1934
pre-consumer_recycled_content_percent,1933
carrier,1932
engine_layout,1932
pocket_clip,1928
compass,1927
exterior_length,1927
frame_construction,1925
high_temp_range_f,1924
zoom_ratio,1923
lamp_family_code,1920
sweatshirt,1920
full_baths,1915
media_type_supported,1901
center_console,1900
frequency_of_use,1893
region,1885
drive_line,1878
built-in_devices,1876
wireless_phone_connectivity,1873
capacity_volume,1873
bezel_material,1872
picture_elements_hxv,1869
wireless_type,1868
clock,1865
rack_height,1863
pieces_in_set,1861
horsepower,1860
rolling,1859
grade_level,1853
fastener_thread_type,1853
headphone_jack,1852
unit,1852
frame_type,1849
wireless_technology,1848
lens_material,1845
processor,1818
glass_type,1817
max_seating_capacity,1817
yield_type,1817
network,1808
browse_similar_products_by_category,1806
spindle_speed,1806
photo_sensor_technology,1803
driverpower_unittransformer,1797
csa_file,1796
poles,1796
corner_radius,1794
number_of_frets,1792
rechargeable,1791
helix_angle,1791
number_of_handles,1790
processor_generation,1788
chest,1782
number_of_speeds,1779
screen_type,1777
knob_shape,1773
flash_type,1772
diaphragm_blades,1772
gears,1769
doors_5,1766
sabbath_mode,1764
vehicle_type,1763
number_of_cells,1757
durability,1753
engine_horsepower,1752
hip,1750
suspension,1750
oven_safe,1748
sim_type,1747
number_of_blades,1745
case_included,1745
ip_rating,1743
cruise_control,1740
speed,1730
compression,1723
assembledunassembled,1723
outdoor_living_product_type,1719
fill_material,1717
passenger_volume,1717
front_camera,1717
recommended_daily_usage,1713
size_womens,1712
fabric_care,1711
expandable_storage,1707
sole,1707
memory_card_reader,1704
road_tax_band,1701
warranty-labor,1698
door_color,1697
rear_seats,1693
door,1691
fuel_urban,1689
published,1688
dial_shape,1687
earpiece_design,1687
shank_size,1685
fireplace,1682
outdoor_use,1681
certifications,1676
power_windows,1675
manual,1673
packaging_type,1672
number_in_package,1668
stackable,1668
glass_door,1666
transmission_type,1666
casual_pants,1660
webcam,1660
available,1659
case_color,1658
hands,1658
storage_type,1658
light_source,1658
service_support_details,1658
phone,1655
binding_type,1655
coating_product_category,1653
video,1652
neckline,1651
number_of_faucet_handles,1649
wheel_face,1641
factory_pack_quantity,1636
warranty_years,1631
light_direction,1631
optic_type,1630
coated,1627
flute_type,1626
number_of_total_expansion_bays,1621
speakerphone,1620
steering,1617
multiple_adjustments,1615
driver_failure_rate_at_5000_h_,1612
enclosure,1609
storage_product_type,1609
strap_material,1606
for_sale_by,1606
functions,1604
touch_screen,1603
2-4,1601
dispenser_included,1596
exposure_compensation,1595
temple_length,1594
bluetooth_version,1592
primary_color,1591
flow_rate_gallons_per_minute,1591
wireless,1590
power_steering,1589
rise,1588
special_features,1587
self_drilling,1587
self_tapping,1586
size_choices,1582
max_speed,1580
package_qty,1580
physical_characteristicscolor,1579
charger_included,1579
color_supported,1576
back_style,1576
moq,1575
compliant_standards,1569
standard,1564
band_length,1564
expandable,1557
processor_model,1557
insulated,1552
warranty-parts,1552
connector_plating,1551
counter_depth,1548
boot_capacity-litres,1547
contract,1545
graphics,1544
tab_cut,1544
trans,1543
seat_style,1539
optical_sensor_resolution,1537
tile_features,1535
standards,1534
coolant_through,1532
min_ground_clearance_in,1532
basement,1528
type_of_shelves,1526
stain_resistant,1522
delivery_method,1505
retractable,1505
uv_resistant,1504
number_of_fasteners,1504
horizontal_viewing_angle,1498
type_of_bulb,1494
cd_player,1494
arm_style,1493
expansion,1493
connection_size_in,1490
cord_management,1489
center_to_center_measurement_inches,1487
placement_on_vehicle,1486
fingerboard,1484
number_of_holes_punched,1483
variable_speed,1483
fastening,1483
number_of_points,1482
tilt_steering_wheel,1480
fastener_head_style,1480
channels,1477
bezel,1475
front_wheel_material,1475
rear_wheel_material,1474
volts,1473
battery_power_type,1470
product_features,1469
wheel_colorfinish,1468
applicable_material,1466
paintstainwaterproofer_product_type,1465
main_colour,1464
orig_year,1463
number_of_batteries_required,1459
mounting_style,1457
year_last_renovated,1456
fuel_type_diesel,1453
suitable_for_random_switching,1450
controller_type,1446
delivery_lead_time,1446
backlight,1445
case,1444
frame,1441
number_of_gears,1439
includes,1438
tip_type,1436
offset,1435
dlna,1433
smaller_lot,1431
shirt,1431
rear_tires,1429
best_use,1427
electronic_shutter_range,1426
frame_primary_finish,1425
electrical_product_type,1425
mpg,1421
network_technology,1416
date_last_updated,1415
minimum_shutter_speed,1414
leg_style,1413
diverse_supplier,1412
special_order,1411
number_of_seats,1411
individualset,1409
3g,1409
wood_construction_type,1401
handle_color,1398
class,1397
number_of_plies,1397
diameter,1394
rear_camera,1390
silver,1389
larger_lot,1389
video_game_platform,1388
patio_furniture_features,1383
targeted_group,1383
wlan,1382
clasp_type,1380
run_time,1379
light_bulb_type_included,1378
comment,1376
cc,1376
thermostat_type,1375
sae_or_metric,1371
duplex_printing,1368
operator_type,1367
strap_color,1366
green_environmental_attribute,1366
cover_material,1364
maximum_dim_level,1362
material_color,1359
post-consumer-waste,1354
base_color,1348
number_of_channels,1343
delivery,1342
weave,1340
rug_shape,1338
monitor_type,1336
strike,1336
number_of_batteries_included,1335
length_group,1333
ext_color,1333
uk,1333
included_components,1332
manual_focus,1331
number_of_total_memory_slots,1331
hyper-threading,1328
machine_washable,1327
cell_material,1326
eu_rohs_indicator,1326
weather_resistance,1325
assembly_details,1324
engines_available,1320
fingerprint,1316
tool_type,1315
protection,1307
shelf_quantity,1306
connector,1305
resolution_type,1304
point_size,1302
hub,1300
ideal_for,1294
portable,1291
electrical_specifications,1291
collar,1289
colour_temperature_k,1289
gpu,1287
fuel_type_petrol,1284
package_dimensions,1284
de,1284
it,1284
dial_colour,1282
es,1281
fr,1281
shipping_from,1280
number_of_processors_supported,1279
table_shape,1278
cardigan,1277
door_configuration,1273
stain,1273
energy_star_rated,1273
bezel_function,1272
torque,1266
texture,1265
driver_vanity_mirror,1264
application_method,1261
steering_type,1258
adhesive_type,1256
sound_mode,1253
energy_efficiency_class,1252
badge_engine_cc,1250
skin_type,1250
green_certification_or_other_recognition,1249
overhead_console,1249
us_electrical_safety,1245
qty_per_carton,1244
supply_ability,1244
serial_port,1243
cpu,1241
standard_pack,1241
undercounter,1241
special_edition,1240
vertical_viewing_angle,1239
current_rating,1238
compression_type,1237
polar_pattern,1236
expanded_iso_maximum,1236
optical_coverlens_material,1232
thread_direction,1229
door_mirrors,1228
bathrooms,1227
audio_auxiliary_input,1227
hardware,1227
maximum_shutter_speed,1227
expanded_iso_minimum,1227
widescreen,1227
international_shipping,1225
actual_color_temperature_k,1224
internet,1222
caster_rig_type,1220
power_device,1218
fuel_system,1215
taa_compliant,1215
split_shelves,1212
number_of_speakers,1212
dcof_rating,1209
speaker,1208
mildew_resistant,1206
adjustable,1204
ice_dispenser,1204
arms_included,1203
card_description,1203
installed_qty,1202
self-cleaning,1201
product_care,1201
management_port,1201
upholstery_material,1200
total_number_of_shelves,1199
valves,1199
dress_length,1198
power_supply,1195
optical_coverlens_type,1194
hinge_side,1193
caster_colorfinish,1192
product_warranty,1189
processor_socket,1189
specific_style,1189
shutter_priority,1188
aperture_priority,1187
level,1186
for_use_with,1185
door_alarm,1185
number_of_positions,1184
movement_type,1183
light_type,1183
configuration,1183
label_type,1179
cantilever_shelves,1178
grey,1175
short_dress,1175
stock_status,1174
pictbridge_compliant,1173
product_family,1172
operator_action,1169
ethernet_port,1169
installation,1166
optic_material,1165
shank_diameter,1164
automatic_temperature_control,1164
neck_material,1163
garage,1161
chair_back_style,1161
memory,1158
knob_type,1157
case_finish,1155
caster_type,1155
chair_design,1154
flammability_mark,1154
conventional_or_wiper,1150
fiber_optic_mode,1149
microphone_jack,1148
etl_listed,1147
output_type,1147
position,1146
mounting_bolt,1145
group,1145
tilt_lock,1144
quantity_sold,1140
original_list_price,1139
full_manual_exposure,1138
range,1136
number_of_burners,1135
adjustable_tilt_tension,1131
replaceable_bulb_included,1130
edge,1128
adjustable_back_height,1127
cylinders-bore,1126
wheel_size,1125
moisture_resistant,1124
stories,1122
odometer,1121
lock_status,1121
waterfall_seat_cushion,1119
1-touch_down,1118
pack_of,1117
lens_design,1116
reticle,1116
organic,1116
ink_type,1114
built-in_wi-fi,1113
memory_card_supported,1113
units,1113
return_policy,1112
interfacesports,1112
target_audience,1112
canadian_electrical_safety,1109
engine_torque_at,1109
effective_pixels,1108
graphics_type,1106
number_of_operators,1105
bore_type,1103
kitchen_product_type,1103
number_of_ports,1102
application_condition,1101
number_of_pins,1100
dexterity,1097
engine_power_at,1096
inseam,1095
adjustable_tilt_angle,1095
adjustable_back_angle,1095
label_format,1095
display_fixture_type,1093
cylinders-stroke,1093
camera_format,1090
tipe_prosesor,1090
boot_capacity,1089
votes,1087
number_of_usb_ports,1086
lever_style,1086
commercial_or_residential_certifications,1085
number_of_tiers,1085
uom,1085
radio_data_system,1084
camera,1083
no_of_shelves,1083
terminal_type,1082
item_category,1081
spill_safe_shelves,1080
control_location,1079
frequency_band,1077
cdma,1076
dial_markers,1076
power_redundancy,1075
lamp_power_w,1075
case_quantity,1074
clothing_length,1074
synchro_tilt,1073
bulb_base,1072
front_dual_zone_ac,1071
engine_liters,1071
chain,1069
shipping_time,1066
front_brake_type,1066
cover,1065
photo_filter_thread_size,1064
vesa_mount_standard,1061
flutes,1060
adjustable_forward_tilt,1059
reversible_door,1058
abrasive_material,1058
hdmi_type,1056
discontinued,1056
minimum_sink_holes_required,1054
light_color,1054
drive_width,1051
oalength,1048
objective,1047
hand_orientation,1047
feed,1046
adjustable_arm_height,1045
insert_type,1044
handles,1043
label_use,1043
face_color,1041
cri,1041
card_slot,1041
brake_type,1040
more,1039
number_of_faucet_holes,1039
storage,1036
furniture_features,1036
1st_row_lcd_monitors,1036
rear_brake_type,1036
page_yield,1036
mount_location,1034
sheets_per_unit,1034
energy_efficiency_tier_rating,1034
knob_color,1033
chair_back_material,1031
more_from,1031
adjustable_arm_width,1030
sizing,1029
water_resistance,1029
included_accessories,1029
shoe_width,1027
auto_focus_assist_light,1026
top,1026
front_beverage_holders,1026
number_of_steps,1025
max_supported_qty,1024
unknown,1021
outside_temperature_display,1021
calendar_term,1019
paint_type,1018
temperature_control_type,1017
seat,1016
optical_image_stabilization,1014
sewer,1014
region_code,1013
cordless,1011
bulb_mode,1008
eye-level_viewfinder,1008
adhesive_material,1007
carton_pack_quantity,1006
collection_name,1003
top_size,1003
number_of_adjustable_shelves,1002
seating_type,1002
lockable,1001
optical_resolution,1001
self_timer,1000
hdmi_inputs,998
ul_mark,996
blue,995
drawers_included,995
low_side_psi,994
digital_display,993
cosmetic_condition,992
swivel,990
light_module_type,989
height_rack_units,989
power_door_mirrors,988
corecladding_diameter,988
bulbs_included,988
edge_type,987
svhc,986
original_carrier,985
ram_technology,983
hand_of_tool,983
composite_video_out,982
max_aperture,982
strap_type,982
accessories_included,981
operating_temperature,976
faucet_hole_spacing_in,976
us_shoe_size_mens,976
ignition_type,975
gvwr,974
12v_sockets-auxiliary,973
product_selling_unit_,973
wheels,973
unii_band,971
tech_support_by,971
wired_connectivity,966
openings,965
number_of_strings,965
green,965
remote_control_included,964
application_material_classification,964
sink_shape,963
zoom_type,962
number_of_teeth,962
fasteners_included,962
release_year,960
voltage_type,960
color_depth,959
external_connections,958
camera_resolution,958
security,954
contents,953
shelf_count,952
light,951
resizable,949
adjustable_door_bins,949
tax_year,947
refurbished,945
compatible_mountings,944
software_included,943
calendar_type,943
start_type,943
window_type,941
indoor_and_outdoor,941
color_support,940
bulbgas_type,940
fixture_material,939
screw_length,939
license_type,938
packing,938
high_side_psi,938
break_strength_lb,938
memori_standar,937
neck,936
video_output,935
tier,933
occupant_sensing_airbag,932
projection_in,931
commercial_use,930
seat_depth,929
warranty_description,929
water-resistant,928
no_of_cylinder,928
starter,928
product_family_code,927
ca_carb_compliant,927
chair_features,926
bolt_hole_1,925
lid_included,925
raw_capture_support,924
material_machining,923
is_autographed,922
file_size_accepted,920
number_of_35_bays,920
swivel_or_rigid_caster,919
for_use_on,918
usb_port,918
hips,918
monitor_resolution,917
shelf_material,916
tape_type,915
ntscpal_switchable_video,913
pack_of_,913
remote_keyless_entry,912
battery_technology,911
internal,911
child_lock,911
point_angle,909
drive_side,909
illuminated_entry,909
grid_pattern,909
interior_colorfinish_family,908
flash_memory_type,908
printer_type,908
bodystyle,907
number_of_basins,907
error_checking,907
fretboard,906
lid_type,906
luminiscence,904
ports_qty,903
d-mm,902
number_of_locks,902
hertz,900
navigation_system,900
pkg_qty,898
fabric_color_family,896
speed_control,896
number_of_power_supplies_installed,896
hardware_colorfinish_family,895
pointing_device_type,895
paper_finish,894
valve_included,894
signal_processing,894
airbag-driver,892
wireless_charger,892
software_type,892
shelf_life,892
memory_slots,891
mid_sole_material,891
select_a_size,890
wattage_watts,889
refrigerator_type,889
clearance,889
mounting_plate,888
additional_materials,888
valve_configuration,888
csa_listed,888
memory_voltage,887
hinge_type,887
system_of_measurement,886
hard_drive,886
foldable,885
chair_type,885
int_color,885
roof_type,883
rear_window_defroster,883
drain_included,883
case_thickness,882
skirt_base_style,881
towing_capacity,880
input,880
window_use_type,880
dual_front_impact_airbags,880
lifetime_to_70_luminous_flux_hr,877
core_size,877
primary_use,876
hand,876
number_of_batteries_supported,876
volume,874
bolt_pattern,874
front_seats,873
shelves,872
operating_systems,871
red,871
product_selling_unit,870
ism_maximum_frequency,869
platform_height,869
cabinet,868
athlete_type,867
levelers,866
native_aspect_ratio,866
dubbed,864
decorative,863
bulb_shape,863
approvals,862
filter_type,861
us_size,861
finger_print_reader,861
hook_type,858
2g,857
process_technology,857
ragam_input_device,857
lever_material,856
amfm_radio,854
leg_caps,854
end_type,854
description,853
faucet_type,852
feature,850
expansion_slots,848
ethernet_lan,848
material_base,848
bumpers,848
bulb_included,847
battery_included,847
display_resolution_maximum,847
textured,846
mfr,845
slide-out_shelves,844
supplier,844
findings,843
trade_name,843
display_screen_technology,842
socket,842
termination,841
bath_accessory_type,840
cleaning_method,840
flame_retardant,838
external_temperature_display,837
transmission_type_automatic,837
drawer_quantity,836
returns,835
presets,835
cordless_tool_type,835
internet_connectivity,835
fully_automatic_headlights,833
pitch,833
maximum_horizontal_resolution,833
live_view,832
video_signal_standard,829
front_reading_lights,829
knob_material,829
jamb_size_in,828
integrated_speakers,828
video_capture_resolution,828
era,828
nut_width,827
wall_mountable,827
water_filter,827
plating,826
page_format,826
alarm,825
number_of_pockets,825
product_weight,824
knob_style,824
ethernet_lan_rj-45_ports,823
drive_interface,820
bolt_hole_2,820
vehicle_tax_cost,820
unitate_optica,820
shelf_type,819
split_folding_rear_seat,819
hinge_finish,817
d1-mm,817
placement,817
number_of_casters,816
ved_band,813
details,812
tip_ram,812
powertrain_warranty,812
usb_ports,811
us_postmaster_general_approved,810
seller,809
shelves_included,808
sistem_operasi,808
product_dimensions,806
exterior_colorfinish_family,806
duty_rating,806
fm,805
tank_range,804
video_format,804
input_voltage,804
dated_format,804
reversible_doors,803
abs_brakes,803
air_pollution_score_ap,802
manageable,801
shank,799
disc_brakes_front_ventilated,798
flash_sync_terminal,798
usb_30,797
media_player,797
decoration,795
front_rise,795
brand,794
bluetooth_enabled,794
printing_color,793
4g,792
bpa_free,792
x-large,791
sleeve_type,790
paper_finish_type,790
number_of_hooks,790
voltage_required,789
corrosion_resistant,787
socket_depth,787
commercial,787
product,786
specification,786
function,785
programmable,783
animal_type,783
options,782
locking,781
memory_card_slot,781
hardware_finish,780
cargo,780
memory_interface,780
harmonization_code,780
number_of_pci_express_x16_slots,780
top_thickness,780
cup_holders-1st_row,779
data_integrity_check,779
control-electronic_stability,779
gem_type,778
heating,777
mount,776
ebd_electronic_brake_force_distribution,775
printer_series,775
license_pricing,775
total_number_of_network_ports,775
shade_type,774
edges,774
degree_of_protection_ip,773
sensor_format,773
fuel_aspiration_turbo,773
number_of_wheels,772
scanner_type,772
boot_capacity-seats_up,771
beverage_type,770
number_of_gangs,770
base_type,770
hard_drive_rotational_speed,769
base,768
battery_size_supported,768
automatic_shutoff,768
ððññðñðððµ_ñðððñð,767
is_assembly_required,767
coverage,765
cas_latency,765
production_lead_time,763
polo_shirt,763
flash_compensation,763
spout_type,763
care_instruction,762
icewater_dispenser,762
graphics_processing_type,762
ukuran_layar,762
speed-sensing_steering,761
glasslens_type,760
water_dispenser,760
accessory_type,759
protection_class,757
number_of_freezer_shelves,757
brakes,757
volume_control,756
delay-off_headlights,756
usable_battery_types,756
sound_output_mode,754
hardware_connectivity,753
use,753
minimum_clearance_requirement_in,753
tab_position,753
grit,752
0-60mph,752
silhouette,751
products_status,751
switch_type,750
fob_port,750
media_type,749
keypad,748
eye_relief,747
opening_type,747
sleeve,746
video_capture_format,746
pixel_density,746
body_finish,745
bridge,744
front_suspension_type,743
operating_humidity_range,742
guests,741
pre-k,740
battery_amp_hours,739
number_of_keys,738
fit_type,738
keyboardkeypad_connectivity_technology,738
sensors,735
digital_temperature_control,735
back_rise,735
antimicrobial,735
suggested_application,734
color-appliance_cabinet,734
sensitivity,734
support_details_service_included,732
casters_included,732
marketing_color,731
humidity_controlled_crispers,731
service_interval_frequency-months,730
cartridge_capacity,730
image_formats,730
doors_windows,730
rear_adjustable_rebound_damping,730
number_of_outlets,729
control-traction,728
recommended_age_range,728
contents_per_unit,728
cushion_style,727
dishwasher,727
seats_and_trim,726
3d,726
lcd_display,726
handle_style,725
battery_form_factor,724
bulb_wattage,724
hdmi_ports,724
base_size,723
front_tires,723
neck_finish,723
engine_make,723
knee-length_dress,721
mounting_plate_length,720
video_player,720
garage_spaces,719
operating_temperature_t-t,719
rear_defogger,718
warranty_type_included,717
bodystyle1,717
usable_memory_types,717
sink_type,717
accessories,717
total_seating,715
lens_coating,715
hd_video_out,714
number_of_diaphragm_blades,713
perforated,712
design_finish,712
number_of_external_525_bays,712
sub-brand,712
distressed,710
cover_color,710
raid_levels,709
selfie,709
foundation,708
insert_thickness,708
wheels_included,708
four_wheel_independent_suspension,706
light_bulb_type,706
fob_price,706
substratesurface_use_type,706
image_sensor_type,706
technique,706
corrosion_perforation_warranty,705
usb_20_ports_quantity,705
suspensionhandlingfront_tires,705
upholstery,704
number_of_fresh_food_shelves,704
image_sensor,703
autofocus_points,703
dresses_length,702
min_order,701
pull_chain,701
quick_freeze,700
speaker_type,699
cable,697
number_of_sheets_per_pad,696
coming_soon,696
type_of_payment,694
handle,694
average_battery_life_in_hours,694
fit_design,694
sport,693
ships_via_ups,692
pool,691
thread_standard,691
y,690
compatible_pipe_material,689
intended_use,687
holiday,687
watt_equivalence,687
deck_material,686
wheel_material,686
number_of_fan_speeds,685
remote_power_door_locks,684
maximum_format_size,683
wireless_bluetooth,683
resolusi_layar,683
fan_type,682
audio_output,681
audience,680
reversible_two-sided_blades,680
dampwet_rating,680
connectors,680
csa_certified,679
hand_wash_only,678
by,678
sink_finish_type,678
base_included,677
coolant_thru,677
freight_class,676
caster_material,675
measuring_system,674
points,673
shade_shape,673
extended_iso,673
multi-function_steering_wheel,672
estimated_delivery,672
brand_seller_or_collection_name,672
insulation,671
no_of_door_bins,670
recyclable,669
toss_pillows_included,669
secondary_color,669
double-sided_printing,668
handle_finish,668
wheel_ø,667
mounting_space_required_in,666
neck_shape,666
ignitor,666
hz,666
frets,665
freezer_door_type,664
scan_format,663
machine_wash_safe,663
work,663
counter_depth_yesno,661
ðœðñðµñððð_ðºðñðñƒñð,660
continuous_shooting_speed,660
commodity_code,660
adjustable_steering_col-tilt_reach,659
6x,658
total_number_of_ports,658
true_color,658
sport_interest,657
audio-aux_input_usb_socket,655
green_indicator,655
warranty_length,655
0-60,654
rotational_speed,654
fastener_style,654
ul,653
safety_rating,652
display_color,652
dining_room,652
minimum_cabinet_size_in,652
crisper_finish,652
derivative,652
vin,652
interest,651
us_shoe_size_womens,650
head_type,650
fret_size,649
hazardous,649
sim_type_dual_sim,648
carrying_options,648
compatible_devices,647
uv_protection,647
screen_size,647
punchedunpunched,646
shaft_material,646
3d_type,645
sink_material,645
number_of_memory_slots,645
expansion_slot_type,643
ram,643
no_of_cell,642
grip_type,642
board_use,642
commercial_light_type,641
lateralvertical,641
max_screen_resolution,641
kapasitas_penyimpanan,641
modular,641
induction,640
address,640
neck_wood,640
hooded,640
chair_height_type,639
sim_card_type,638
power_windows-front_rear,638
housing_color_family,638
miscellaneousapplicationusage,638
turning_circle,637
manufacturers_guarantee,637
overall_crash_safety_rating,636
casters,635
hub_length,635
door_lock,635
automatic_shut-off,635
drain_location,634
strap_colour,634
tool_diameter,633
leg_material,633
driver_door_bin,632
insert_size,632
coating_type,631
rwc,630
gyroscope,630
iso_mc,630
camera_technology,629
frame_shape,629
bus_type,629
wwan_supported,629
drill_bit_dimension_type,629
heart_rate,628
beam_spread,627
room,626
flash_control,626
used_for,625
estado_del_artãculo,625
3d_ready,624
uv_protected,623
graphics_coprocessor,623
airbags-side_for_1st_row_occupants_front,623
number_of_hdmi_inputs,623
capacity_range_max,623
maximum_print_resolution,622
front,622
bust_size,622
flash_memory_size,622
cartridge_yield_type,620
dishwasher_safe_parts,620
parking,619
security_tinted,619
3t,619
sub_brand,618
low_tire_pressure_warning,617
back_material,615
suspension_type-front,615
service_interval_mileage,614
opening,612
unit_system,612
denim_pants,611
shelf_material-freezer,611
lens,611
operating_system_edition,610
caffeine_level,609
interior_colour,609
band_colour,609
u-factor,608
security_system,608
roadside_assistance_coverage,607
number_of_rings,606
body_colour-bumpers,605
optical,604
tooling_type,604
availabilty,604
height_of_cabinet,602
label_features,602
paint_product_type,601
s-mm,601
optical_media_supported,600
output,599
model_code,597
arm_type,596
chip_breaker,596
engine_immobiliser,595
classification,595
gprs,594
compressor,594
toe_shape,594
sheet_capacity,593
brewing_type,593
leg_opening,593
outdoor_lighting_features,592
browser,592
o,592
item_must_be_returned_within,591
total_pixels,591
top_shape,591
polarity,590
ac_adapter,590
java,589
heel_type,589
input_connectors,588
passenger_vanity_mirror,588
sleeps,588
number_of_modules,588
esrb_rating,588
gear,588
fragrance_type,587
number_of_conductors,586
each_master_box_has,585
frame_size,584
binder_style,584
bowl_shape,583
ink_or_toner_color,583
frame_finish,582
proofs,582
modem,582
server_scalability,582
outsole,582
shipping_weight,580
subject,580
hard_drive_size,580
marker_type,579
overload_protection,579
shutter,579
shade_color,578
solar_heat_gain_coefficient,578
size_mens,578
character,577
quantity_in_basket,577
front_anti-roll_bar,577
car_type,577
packing_configuration,576
rate,576
handle_included,575
panic_alarm,575
built-in_speakers,575
freezer_interior_light,575
display_size,575
quickpath_interconnect,573
plug_type,573
weighted_base,573
installation_hardware_included,573
number_of_batteries,572
valve_material,572
power_tool_accessory_type,572
gigabit_ethernet_port,571
shapepattern,571
is_adult_product,571
input_type,571
number_of_hdmi_outputs,570
surface,570
newused,569
seam_type,569
enclosure_rating,568
chuck_size,567
overall_height,567
bolt_hole_ø,567
mtbf,566
chuck_type,566
audio-mp3_decoder,566
email,566
abrasive_type,566
framehardware_finish_family,565
upper,564
decade,564
opening_width,563
paintablestainable,563
wood_species,562
blazer,562
additional_info,561
locker_door_type,561
infrared,561
wiredwireless,560
convection,559
ram_type,559
cabins_total,558
max_turbo_speed,558
thread_count,558
latex_free,557
color-door_handles,557
section,557
insole,556
removable_battery,556
overflow_location,555
beds,554
layer_supported,554
number_of_refrigerator_shelves,553
master_br_on_main,553
propulsion,552
share,552
keyboard_type,552
lighting_type,552
dimension_type,551
fm_radio,551
subcategory,551
visible_ink_supply,551
independent_front_suspension,550
processor_cores,550
smudge-resistant,549
audio_output_type,548
average_nominal_lifespan_h,548
included_qty,546
luggage_capacity_min,544
display_types,544
in_the_box,542
vpro_technology,542
icemaker,542
general_warranty,542
datedundated,542
superstructure,541
rpm,541
objective_diameter,541
window_treatment_product_type,541
door_hinge,540
light_bulb_included,540
water_filtration,540
hard_drive_speed,540
mounting_options,540
pack_size,539
remote_management_protocol,539
metals_type,538
fingerboard_material,538
upgrade_type,538
dietary_information,538
refund_will_be_given_as,537
balanced_to_rpm,537
rohs_compliance,537
series_name,537
outsole_material,537
csa,537
surface_finish,536
frame_rate,536
suspension_type-rear,535
burning_position,535
exteriorbody,535
chassis_type,535
professional_residential,534
dupatta_fabric,534
alloy_wheels,532
drill_bit_material,532
creator,532
processing_time,532
cylinders-bore_mm,531
valve_train,531
filter_material,531
date,531
california_title_20_compliant,531
included_memory_type,530
memory_specification_compliance,530
warranty_labor_days,530
number_of_sheets,530
manufacturer_guarantee,530
point,530
hull_configuration,529
number_of_edges,529
light_module_supply_voltage,528
dual_front_side_impact_airbags,528
brandseries,528
usb_standard,528
central_locking-remotekeyless,527
bomber,527
family_room,527
power_options,527
sport_type,527
restocking_fee,526
purity,526
rotation_angleso,526
beam_angle_of_light_source_d,525
type_of_cut,525
shielded,525
board_features,525
band_width,525
thru_door_dispenser,525
paper_ruling,524
item_width,524
hypoallergenic,524
ice_style,524
chronograph,523
outer_material,523
knob_projection_in,523
bristle_material,522
number_of_pedestals,522
expanding,522
-gender,522
graphic_mode,521
pointing_device_connectivity_technology,521
number_of_colors,521
video_memory,521
talk_time,521
company,520
number_of_servings,520
emission_code,520
greenhouse_gas_score_gg,519
rear_display_resolution,518
fireplaces,517
bust,517
mosaic_sub_unit_width_in,516
mosaic_sub_unit_length_in,516
november_2016,516
max_torque,516
freezer,514
activity,514
inside_pockets,514
columns,514
mounting_plate_width,513
display_position_adjustments,513
file_format,513
buffer,513
adhesive,512
system,512
number_of_display_digits,512
car_category,512
protection_type,511
rear_view_camera,511
hdcp,511
truss_rod,510
removable_shelves,510
seats-2nd_row_split_fold,509
contained_battery_type,507
number_of_labels_per_sheetroll,506
angle,506
2-stage_unlocking,506
bluetooth_compatible,506
label_size,506
green_certified,505
mp3_decoder,505
luggage_capacity_max,504
hot_water,504
rear,504
number_of_elements,503
front_fog_lights,503
telescoping_steering_wheel,503
regular_unleaded,503
edge_detail_profile,502
envelope_closure,502
liner_material,502
rε-mm,501
with_lamp,501
formulation,501
focus_description,501
copier_type,501
stack_port,500
